,oob,time
0,0.026355054,123.3303502
1,0.026353751,538.7725646
2,0.402389924,629.9312071
4,0.4064253,2628.222608
5,0.974721441,3446.621716
6,0.999809865,3578.923639
