,oob,time
0,0.026377596,74.2855724
1,0.026378564,1456.729339
2,0.97980855,2024.386464
