,oob,time
0,0.026377938,54.3014577
1,0.226827693,263.8736918
2,0.544672534,2501.24481
3,0.57304563,3178.297741
4,0.602635395,3505.663033
