,oob,time
0,0.026379523,74.5384378
1,0.026379528,2147.795635
2,0.139466878,2775.468483
3,0.163829208,2970.164344
4,0.28166923,3251.074347
5,0.504663401,3478.227994
