,oob,time
0,0.026337666,130.4062026
4,0.026347783,1264.617564
5,0.342396991,2731.229775
6,0.367024057,3180.79114
7,0.373934012,3267.918671
8,0.436283557,3598.514889
